{"best/epoch": 15, "best/precision": 0.793655030426833, "best/recall": 0.6365669463556238, "best/mAP_0.5": 0.6791729134694068, "best/mAP_0.5:0.95": 0.4925489077448919, "Labels": {"_type": "images/separated", "width": 1600, "height": 1600, "format": "jpg", "count": 2, "filenames": ["media/images/Labels_0_4b839de6ce37939e11c7.jpg", "media/images/Labels_0_876f89773a818bb016e8.jpg"], "captions": ["labels.jpg", "labels_correlogram.jpg"]}, "Mosaics": {"_type": "images/separated", "width": 1920, "height": 1920, "format": "jpg", "count": 3, "filenames": ["media/images/Mosaics_0_8bb8ee1f3ea927b63352.jpg", "media/images/Mosaics_0_8dbb57c1417e731bdca2.jpg", "media/images/Mosaics_0_1fcc4572273c4ee8f778.jpg"], "captions": ["train_batch0.jpg", "train_batch1.jpg", "train_batch2.jpg"]}, "train/box_loss": 0.0324736125767231, "train/obj_loss": 0.05192511901259422, "train/cls_loss": 0.022602379322052002, "metrics/precision": 0.793655030426833, "metrics/recall": 0.6365669463556238, "metrics/mAP_0.5": 0.6791729134694068, "metrics/mAP_0.5:0.95": 0.4925489077448919, "val/box_loss": 0.027932148426771164, "val/obj_loss": 0.03789138048887253, "val/cls_loss": 0.020282750949263573, "x/lr0": 0.00997228, "x/lr1": 0.00997228, "x/lr2": 0.00997228, "_timestamp": 1678785068.8519583, "_runtime": 4863.020121335983, "_step": 15, "_wandb": {"runtime": 4861}}